date_month,market_id,market_class,return_usd,risk_free_rate,excess_return,source,source_download_date
2000-01-01,developed,developed,0.55,0.15,0.4,deterministic_sample,2026-06-15
2000-02-01,developed,developed,0.7491,0.15,0.5991,deterministic_sample,2026-06-15
2000-03-01,developed,developed,1.6683,0.15,1.5183,deterministic_sample,2026-06-15
2000-04-01,developed,developed,1.0806,0.15,0.9306,deterministic_sample,2026-06-15
2000-05-01,developed,developed,1.2484,0.15,1.0984,deterministic_sample,2026-06-15
2000-06-01,developed,developed,1.3962,0.15,1.2462,deterministic_sample,2026-06-15
2000-07-01,developed,developed,1.5198,0.15,1.3698,deterministic_sample,2026-06-15
2000-08-01,developed,developed,1.616,0.15,1.466,deterministic_sample,2026-06-15
2000-09-01,developed,developed,1.682,0.15,1.532,deterministic_sample,2026-06-15
2000-10-01,developed,developed,1.7161,0.15,1.5661,deterministic_sample,2026-06-15
2000-11-01,developed,developed,1.7174,0.15,1.5674,deterministic_sample,2026-06-15
2000-12-01,developed,developed,1.6859,0.15,1.5359,deterministic_sample,2026-06-15
2001-01-01,developed,developed,1.6226,0.15,1.4726,deterministic_sample,2026-06-15
2001-02-01,developed,developed,1.5292,0.15,1.3792,deterministic_sample,2026-06-15
2001-03-01,developed,developed,1.4084,0.15,1.2584,deterministic_sample,2026-06-15
2001-04-01,developed,developed,1.2638,0.15,1.1138,deterministic_sample,2026-06-15
2001-05-01,developed,developed,1.0992,0.15,0.9492,deterministic_sample,2026-06-15
2001-06-01,developed,developed,0.9194,0.15,0.7694,deterministic_sample,2026-06-15
2001-07-01,developed,developed,0.7295,0.15,0.5795,deterministic_sample,2026-06-15
2001-08-01,developed,developed,0.5347,0.15,0.3847,deterministic_sample,2026-06-15
2001-09-01,developed,developed,0.3405,0.15,0.1905,deterministic_sample,2026-06-15
2001-10-01,developed,developed,0.1525,0.15,0.0025,deterministic_sample,2026-06-15
2001-11-01,developed,developed,-0.0242,0.15,-0.1742,deterministic_sample,2026-06-15
2001-12-01,developed,developed,-0.1846,0.15,-0.3346,deterministic_sample,2026-06-15
2002-01-01,developed,developed,-0.3242,0.15,-0.4742,deterministic_sample,2026-06-15
2002-02-01,developed,developed,-0.439,0.15,-0.589,deterministic_sample,2026-06-15
2002-03-01,developed,developed,-0.5259,0.15,-0.6759,deterministic_sample,2026-06-15
2002-04-01,developed,developed,-0.5824,0.15,-0.7324,deterministic_sample,2026-06-15
2002-05-01,developed,developed,-0.6069,0.15,-0.7569,deterministic_sample,2026-06-15
2002-06-01,developed,developed,-0.5987,0.15,-0.7487,deterministic_sample,2026-06-15
2002-07-01,developed,developed,-0.558,0.15,-0.708,deterministic_sample,2026-06-15
2002-08-01,developed,developed,-0.486,0.15,-0.636,deterministic_sample,2026-06-15
2002-09-01,developed,developed,-0.3846,0.15,-0.5346,deterministic_sample,2026-06-15
2002-10-01,developed,developed,-0.2567,0.15,-0.4067,deterministic_sample,2026-06-15
2002-11-01,developed,developed,-0.1059,0.15,-0.2559,deterministic_sample,2026-06-15
2002-12-01,developed,developed,0.0637,0.15,-0.0863,deterministic_sample,2026-06-15
2003-01-01,developed,developed,0.2473,0.15,0.0973,deterministic_sample,2026-06-15
2003-02-01,developed,developed,0.4398,0.15,0.2898,deterministic_sample,2026-06-15
2003-03-01,developed,developed,0.6357,0.15,0.4857,deterministic_sample,2026-06-15
2003-04-01,developed,developed,0.8297,0.15,0.6797,deterministic_sample,2026-06-15
2003-05-01,developed,developed,1.0162,0.15,0.8662,deterministic_sample,2026-06-15
2003-06-01,developed,developed,1.1901,0.15,1.0401,deterministic_sample,2026-06-15
2003-07-01,developed,developed,1.3464,0.15,1.1964,deterministic_sample,2026-06-15
2003-08-01,developed,developed,1.4807,0.15,1.3307,deterministic_sample,2026-06-15
2003-09-01,developed,developed,1.5893,0.15,1.4393,deterministic_sample,2026-06-15
2003-10-01,developed,developed,1.669,0.15,1.519,deterministic_sample,2026-06-15
2003-11-01,developed,developed,1.7176,0.15,1.5676,deterministic_sample,2026-06-15
2003-12-01,developed,developed,1.7336,0.15,1.5836,deterministic_sample,2026-06-15
2004-01-01,developed,developed,1.7166,0.15,1.5666,deterministic_sample,2026-06-15
2004-02-01,developed,developed,1.6669,0.15,1.5169,deterministic_sample,2026-06-15
2004-03-01,developed,developed,1.5859,0.15,1.4359,deterministic_sample,2026-06-15
2004-04-01,developed,developed,1.4757,0.15,1.3257,deterministic_sample,2026-06-15
2004-05-01,developed,developed,1.3393,0.15,1.1893,deterministic_sample,2026-06-15
2004-06-01,developed,developed,1.1805,0.15,1.0305,deterministic_sample,2026-06-15
2004-07-01,developed,developed,0.2327,0.15,0.0827,deterministic_sample,2026-06-15
2004-08-01,developed,developed,1.5844,0.15,1.4344,deterministic_sample,2026-06-15
2004-09-01,developed,developed,0.6154,0.15,0.4654,deterministic_sample,2026-06-15
2004-10-01,developed,developed,0.4148,0.15,0.2648,deterministic_sample,2026-06-15
2004-11-01,developed,developed,0.2172,0.15,0.0672,deterministic_sample,2026-06-15
2004-12-01,developed,developed,0.0282,0.15,-0.1218,deterministic_sample,2026-06-15
2005-01-01,developed,developed,-0.1471,0.15,-0.2971,deterministic_sample,2026-06-15
2005-02-01,developed,developed,-0.3038,0.15,-0.4538,deterministic_sample,2026-06-15
2005-03-01,developed,developed,-0.4375,0.15,-0.5875,deterministic_sample,2026-06-15
2005-04-01,developed,developed,-0.5445,0.15,-0.6945,deterministic_sample,2026-06-15
2005-05-01,developed,developed,-0.6217,0.15,-0.7717,deterministic_sample,2026-06-15
2005-06-01,developed,developed,-0.6671,0.15,-0.8171,deterministic_sample,2026-06-15
2005-07-01,developed,developed,-0.6792,0.15,-0.8292,deterministic_sample,2026-06-15
2005-08-01,developed,developed,-0.6578,0.15,-0.8078,deterministic_sample,2026-06-15
2005-09-01,developed,developed,-0.6032,0.15,-0.7532,deterministic_sample,2026-06-15
2005-10-01,developed,developed,-0.5171,0.15,-0.6671,deterministic_sample,2026-06-15
2005-11-01,developed,developed,-0.4016,0.15,-0.5516,deterministic_sample,2026-06-15
2005-12-01,developed,developed,-0.26,0.15,-0.41,deterministic_sample,2026-06-15
2006-01-01,developed,developed,-0.0961,0.15,-0.2461,deterministic_sample,2026-06-15
2006-02-01,developed,developed,0.0857,0.15,-0.0643,deterministic_sample,2026-06-15
2006-03-01,developed,developed,0.2804,0.15,0.1304,deterministic_sample,2026-06-15
2006-04-01,developed,developed,0.4827,0.15,0.3327,deterministic_sample,2026-06-15
2006-05-01,developed,developed,0.687,0.15,0.537,deterministic_sample,2026-06-15
2006-06-01,developed,developed,0.8877,0.15,0.7377,deterministic_sample,2026-06-15
2006-07-01,developed,developed,1.0794,0.15,0.9294,deterministic_sample,2026-06-15
2006-08-01,developed,developed,1.2568,0.15,1.1068,deterministic_sample,2026-06-15
2006-09-01,developed,developed,1.4151,0.15,1.2651,deterministic_sample,2026-06-15
2006-10-01,developed,developed,1.5498,0.15,1.3998,deterministic_sample,2026-06-15
2006-11-01,developed,developed,1.6574,0.15,1.5074,deterministic_sample,2026-06-15
2006-12-01,developed,developed,1.7348,0.15,1.5848,deterministic_sample,2026-06-15
2007-01-01,developed,developed,1.78,0.15,1.63,deterministic_sample,2026-06-15
2007-02-01,developed,developed,1.7917,0.15,1.6417,deterministic_sample,2026-06-15
2007-03-01,developed,developed,1.7697,0.15,1.6197,deterministic_sample,2026-06-15
2007-04-01,developed,developed,1.7145,0.15,1.5645,deterministic_sample,2026-06-15
2007-05-01,developed,developed,1.6277,0.15,1.4777,deterministic_sample,2026-06-15
2007-06-01,developed,developed,1.5116,0.15,1.3616,deterministic_sample,2026-06-15
2007-07-01,developed,developed,1.3695,0.15,1.2195,deterministic_sample,2026-06-15
2007-08-01,developed,developed,1.2052,0.15,1.0552,deterministic_sample,2026-06-15
2007-09-01,developed,developed,1.0234,0.15,0.8734,deterministic_sample,2026-06-15
2007-10-01,developed,developed,0.8289,0.15,0.6789,deterministic_sample,2026-06-15
2007-11-01,developed,developed,0.6272,0.15,0.4772,deterministic_sample,2026-06-15
2007-12-01,developed,developed,0.4238,0.15,0.2738,deterministic_sample,2026-06-15
2008-01-01,developed,developed,0.2242,0.15,0.0742,deterministic_sample,2026-06-15
2008-02-01,developed,developed,0.0339,0.15,-0.1161,deterministic_sample,2026-06-15
2008-03-01,developed,developed,-0.1419,0.15,-0.2919,deterministic_sample,2026-06-15
2008-04-01,developed,developed,-0.2983,0.15,-0.4483,deterministic_sample,2026-06-15
2008-05-01,developed,developed,-0.4312,0.15,-0.5812,deterministic_sample,2026-06-15
2008-06-01,developed,developed,-0.5368,0.15,-0.6868,deterministic_sample,2026-06-15
2008-07-01,developed,developed,-0.6125,0.15,-0.7625,deterministic_sample,2026-06-15
2008-08-01,developed,developed,-0.656,0.15,-0.806,deterministic_sample,2026-06-15
2008-09-01,developed,developed,-0.6664,0.15,-0.8164,deterministic_sample,2026-06-15
2008-10-01,developed,developed,-0.6433,0.15,-0.7933,deterministic_sample,2026-06-15
2008-11-01,developed,developed,-0.5876,0.15,-0.7376,deterministic_sample,2026-06-15
2008-12-01,developed,developed,-1.2716,0.15,-1.4216,deterministic_sample,2026-06-15
2009-01-01,developed,developed,0.3857,0.15,0.2357,deterministic_sample,2026-06-15
2009-02-01,developed,developed,-0.2443,0.15,-0.3943,deterministic_sample,2026-06-15
2009-03-01,developed,developed,-0.082,0.15,-0.232,deterministic_sample,2026-06-15
2009-04-01,developed,developed,0.0972,0.15,-0.0528,deterministic_sample,2026-06-15
2009-05-01,developed,developed,0.2883,0.15,0.1383,deterministic_sample,2026-06-15
2009-06-01,developed,developed,0.4859,0.15,0.3359,deterministic_sample,2026-06-15
2009-07-01,developed,developed,0.6846,0.15,0.5346,deterministic_sample,2026-06-15
2009-08-01,developed,developed,0.8789,0.15,0.7289,deterministic_sample,2026-06-15
2009-09-01,developed,developed,1.0634,0.15,0.9134,deterministic_sample,2026-06-15
2009-10-01,developed,developed,1.2329,0.15,1.0829,deterministic_sample,2026-06-15
2009-11-01,developed,developed,1.3828,0.15,1.2328,deterministic_sample,2026-06-15
2009-12-01,developed,developed,1.509,0.15,1.359,deterministic_sample,2026-06-15
2010-01-01,developed,developed,1.6079,0.15,1.4579,deterministic_sample,2026-06-15
2010-02-01,developed,developed,1.677,0.15,1.527,deterministic_sample,2026-06-15
2010-03-01,developed,developed,1.7142,0.15,1.5642,deterministic_sample,2026-06-15
2010-04-01,developed,developed,1.7187,0.15,1.5687,deterministic_sample,2026-06-15
2010-05-01,developed,developed,1.6904,0.15,1.5404,deterministic_sample,2026-06-15
2010-06-01,developed,developed,1.6301,0.15,1.4801,deterministic_sample,2026-06-15
2010-07-01,developed,developed,1.5395,0.15,1.3895,deterministic_sample,2026-06-15
2010-08-01,developed,developed,1.4213,0.15,1.2713,deterministic_sample,2026-06-15
2010-09-01,developed,developed,1.2788,0.15,1.1288,deterministic_sample,2026-06-15
2010-10-01,developed,developed,1.116,0.15,0.966,deterministic_sample,2026-06-15
2010-11-01,developed,developed,0.9375,0.15,0.7875,deterministic_sample,2026-06-15
2010-12-01,developed,developed,0.7483,0.15,0.5983,deterministic_sample,2026-06-15
2011-01-01,developed,developed,0.5537,0.15,0.4037,deterministic_sample,2026-06-15
2011-02-01,developed,developed,0.3593,0.15,0.2093,deterministic_sample,2026-06-15
2011-03-01,developed,developed,0.1704,0.15,0.0204,deterministic_sample,2026-06-15
2011-04-01,developed,developed,-0.0077,0.15,-0.1577,deterministic_sample,2026-06-15
2011-05-01,developed,developed,-0.1698,0.15,-0.3198,deterministic_sample,2026-06-15
2011-06-01,developed,developed,-0.3116,0.15,-0.4616,deterministic_sample,2026-06-15
2011-07-01,developed,developed,-0.429,0.15,-0.579,deterministic_sample,2026-06-15
2011-08-01,developed,developed,-0.5187,0.15,-0.6687,deterministic_sample,2026-06-15
2011-09-01,developed,developed,-0.5783,0.15,-0.7283,deterministic_sample,2026-06-15
2011-10-01,developed,developed,-0.6059,0.15,-0.7559,deterministic_sample,2026-06-15
2011-11-01,developed,developed,-0.6009,0.15,-0.7509,deterministic_sample,2026-06-15
2011-12-01,developed,developed,-0.5633,0.15,-0.7133,deterministic_sample,2026-06-15
2012-01-01,developed,developed,-0.4943,0.15,-0.6443,deterministic_sample,2026-06-15
2012-02-01,developed,developed,-0.3957,0.15,-0.5457,deterministic_sample,2026-06-15
2012-03-01,developed,developed,-0.2702,0.15,-0.4202,deterministic_sample,2026-06-15
2012-04-01,developed,developed,-0.1214,0.15,-0.2714,deterministic_sample,2026-06-15
2012-05-01,developed,developed,0.0465,0.15,-0.1035,deterministic_sample,2026-06-15
2012-06-01,developed,developed,0.229,0.15,0.079,deterministic_sample,2026-06-15
2012-07-01,developed,developed,0.4208,0.15,0.2708,deterministic_sample,2026-06-15
2012-08-01,developed,developed,0.6167,0.15,0.4667,deterministic_sample,2026-06-15
2012-09-01,developed,developed,0.8111,0.15,0.6611,deterministic_sample,2026-06-15
2012-10-01,developed,developed,0.9986,0.15,0.8486,deterministic_sample,2026-06-15
2012-11-01,developed,developed,1.1739,0.15,1.0239,deterministic_sample,2026-06-15
2012-12-01,developed,developed,1.3321,0.15,1.1821,deterministic_sample,2026-06-15
2013-01-01,developed,developed,1.4687,0.15,1.3187,deterministic_sample,2026-06-15
2013-02-01,developed,developed,1.5799,0.15,1.4299,deterministic_sample,2026-06-15
2013-03-01,developed,developed,1.6626,0.15,1.5126,deterministic_sample,2026-06-15
2013-04-01,developed,developed,1.7143,0.15,1.5643,deterministic_sample,2026-06-15
2013-05-01,developed,developed,0.9626,0.15,0.8126,deterministic_sample,2026-06-15
2013-06-01,developed,developed,2.4907,0.15,2.3407,deterministic_sample,2026-06-15
2013-07-01,developed,developed,1.6732,0.15,1.5232,deterministic_sample,2026-06-15
2013-08-01,developed,developed,1.5951,0.15,1.4451,deterministic_sample,2026-06-15
2013-09-01,developed,developed,1.4876,0.15,1.3376,deterministic_sample,2026-06-15
2013-10-01,developed,developed,1.3536,0.15,1.2036,deterministic_sample,2026-06-15
2013-11-01,developed,developed,1.1968,0.15,1.0468,deterministic_sample,2026-06-15
2013-12-01,developed,developed,1.0215,0.15,0.8715,deterministic_sample,2026-06-15
2014-01-01,developed,developed,0.8324,0.15,0.6824,deterministic_sample,2026-06-15
2014-02-01,developed,developed,0.6349,0.15,0.4849,deterministic_sample,2026-06-15
2014-03-01,developed,developed,0.4343,0.15,0.2843,deterministic_sample,2026-06-15
2014-04-01,developed,developed,0.2362,0.15,0.0862,deterministic_sample,2026-06-15
2014-05-01,developed,developed,0.0461,0.15,-0.1039,deterministic_sample,2026-06-15
2014-06-01,developed,developed,-0.1308,0.15,-0.2808,deterministic_sample,2026-06-15
2014-07-01,developed,developed,-0.2895,0.15,-0.4395,deterministic_sample,2026-06-15
2014-08-01,developed,developed,-0.4256,0.15,-0.5756,deterministic_sample,2026-06-15
2014-09-01,developed,developed,-0.5353,0.15,-0.6853,deterministic_sample,2026-06-15
2014-10-01,developed,developed,-0.6156,0.15,-0.7656,deterministic_sample,2026-06-15
2014-11-01,developed,developed,-0.6641,0.15,-0.8141,deterministic_sample,2026-06-15
2014-12-01,developed,developed,-0.6795,0.15,-0.8295,deterministic_sample,2026-06-15
2015-01-01,developed,developed,-0.6613,0.15,-0.8113,deterministic_sample,2026-06-15
2015-02-01,developed,developed,-0.61,0.15,-0.76,deterministic_sample,2026-06-15
2015-03-01,developed,developed,-0.5268,0.15,-0.6768,deterministic_sample,2026-06-15
2015-04-01,developed,developed,-0.4141,0.15,-0.5641,deterministic_sample,2026-06-15
2015-05-01,developed,developed,-0.2749,0.15,-0.4249,deterministic_sample,2026-06-15
2015-06-01,developed,developed,-0.1129,0.15,-0.2629,deterministic_sample,2026-06-15
2015-07-01,developed,developed,0.0674,0.15,-0.0826,deterministic_sample,2026-06-15
2015-08-01,developed,developed,0.261,0.15,0.111,deterministic_sample,2026-06-15
2015-09-01,developed,developed,0.4628,0.15,0.3128,deterministic_sample,2026-06-15
2015-10-01,developed,developed,0.6672,0.15,0.5172,deterministic_sample,2026-06-15
2015-11-01,developed,developed,0.8685,0.15,0.7185,deterministic_sample,2026-06-15
2015-12-01,developed,developed,1.0613,0.15,0.9113,deterministic_sample,2026-06-15
2016-01-01,developed,developed,1.2403,0.15,1.0903,deterministic_sample,2026-06-15
2016-02-01,developed,developed,1.4006,0.15,1.2506,deterministic_sample,2026-06-15
2016-03-01,developed,developed,1.5378,0.15,1.3878,deterministic_sample,2026-06-15
2016-04-01,developed,developed,1.6482,0.15,1.4982,deterministic_sample,2026-06-15
2016-05-01,developed,developed,1.7287,0.15,1.5787,deterministic_sample,2026-06-15
2016-06-01,developed,developed,1.7771,0.15,1.6271,deterministic_sample,2026-06-15
2016-07-01,developed,developed,1.7921,0.15,1.6421,deterministic_sample,2026-06-15
2016-08-01,developed,developed,1.7733,0.15,1.6233,deterministic_sample,2026-06-15
2016-09-01,developed,developed,1.7213,0.15,1.5713,deterministic_sample,2026-06-15
2016-10-01,developed,developed,1.6374,0.15,1.4874,deterministic_sample,2026-06-15
2016-11-01,developed,developed,1.5241,0.15,1.3741,deterministic_sample,2026-06-15
2016-12-01,developed,developed,1.3843,0.15,1.2343,deterministic_sample,2026-06-15
2017-01-01,developed,developed,1.2221,0.15,1.0721,deterministic_sample,2026-06-15
2017-02-01,developed,developed,1.0417,0.15,0.8917,deterministic_sample,2026-06-15
2017-03-01,developed,developed,0.8483,0.15,0.6983,deterministic_sample,2026-06-15
2017-04-01,developed,developed,0.647,0.15,0.497,deterministic_sample,2026-06-15
2017-05-01,developed,developed,0.4435,0.15,0.2935,deterministic_sample,2026-06-15
2017-06-01,developed,developed,0.2433,0.15,0.0933,deterministic_sample,2026-06-15
2017-07-01,developed,developed,0.0518,0.15,-0.0982,deterministic_sample,2026-06-15
2017-08-01,developed,developed,-0.1255,0.15,-0.2755,deterministic_sample,2026-06-15
2017-09-01,developed,developed,-0.2841,0.15,-0.4341,deterministic_sample,2026-06-15
2017-10-01,developed,developed,-1.1903,0.15,-1.3403,deterministic_sample,2026-06-15
2017-11-01,developed,developed,0.2431,0.15,0.0931,deterministic_sample,2026-06-15
2017-12-01,developed,developed,-0.6065,0.15,-0.7565,deterministic_sample,2026-06-15
2018-01-01,developed,developed,-0.6532,0.15,-0.8032,deterministic_sample,2026-06-15
2018-02-01,developed,developed,-0.6668,0.15,-0.8168,deterministic_sample,2026-06-15
2018-03-01,developed,developed,-0.647,0.15,-0.797,deterministic_sample,2026-06-15
2018-04-01,developed,developed,-0.5944,0.15,-0.7444,deterministic_sample,2026-06-15
2018-05-01,developed,developed,-0.5105,0.15,-0.6605,deterministic_sample,2026-06-15
2018-06-01,developed,developed,-0.3976,0.15,-0.5476,deterministic_sample,2026-06-15
2018-07-01,developed,developed,-0.259,0.15,-0.409,deterministic_sample,2026-06-15
2018-08-01,developed,developed,-0.0986,0.15,-0.2486,deterministic_sample,2026-06-15
2018-09-01,developed,developed,0.0791,0.15,-0.0709,deterministic_sample,2026-06-15
2018-10-01,developed,developed,0.2693,0.15,0.1193,deterministic_sample,2026-06-15
2018-11-01,developed,developed,0.4665,0.15,0.3165,deterministic_sample,2026-06-15
2018-12-01,developed,developed,0.6654,0.15,0.5154,deterministic_sample,2026-06-15
2019-01-01,developed,developed,0.8603,0.15,0.7103,deterministic_sample,2026-06-15
2019-02-01,developed,developed,1.046,0.15,0.896,deterministic_sample,2026-06-15
2019-03-01,developed,developed,1.2172,0.15,1.0672,deterministic_sample,2026-06-15
2019-04-01,developed,developed,1.3692,0.15,1.2192,deterministic_sample,2026-06-15
2019-05-01,developed,developed,1.4978,0.15,1.3478,deterministic_sample,2026-06-15
2019-06-01,developed,developed,1.5996,0.15,1.4496,deterministic_sample,2026-06-15
2019-07-01,developed,developed,1.6716,0.15,1.5216,deterministic_sample,2026-06-15
2019-08-01,developed,developed,1.712,0.15,1.562,deterministic_sample,2026-06-15
2019-09-01,developed,developed,1.7197,0.15,1.5697,deterministic_sample,2026-06-15
2019-10-01,developed,developed,1.6946,0.15,1.5446,deterministic_sample,2026-06-15
2019-11-01,developed,developed,1.6373,0.15,1.4873,deterministic_sample,2026-06-15
2019-12-01,developed,developed,1.5496,0.15,1.3996,deterministic_sample,2026-06-15
2020-01-01,developed,developed,1.4339,0.15,1.2839,deterministic_sample,2026-06-15
2020-02-01,developed,developed,1.2936,0.15,1.1436,deterministic_sample,2026-06-15
2020-03-01,developed,developed,1.1326,0.15,0.9826,deterministic_sample,2026-06-15
2020-04-01,developed,developed,0.9554,0.15,0.8054,deterministic_sample,2026-06-15
2020-05-01,developed,developed,0.767,0.15,0.617,deterministic_sample,2026-06-15
2020-06-01,developed,developed,0.5727,0.15,0.4227,deterministic_sample,2026-06-15
2020-07-01,developed,developed,0.378,0.15,0.228,deterministic_sample,2026-06-15
2020-08-01,developed,developed,0.1884,0.15,0.0384,deterministic_sample,2026-06-15
2020-09-01,developed,developed,0.009,0.15,-0.141,deterministic_sample,2026-06-15
2020-10-01,developed,developed,-0.1549,0.15,-0.3049,deterministic_sample,2026-06-15
2020-11-01,developed,developed,-0.2988,0.15,-0.4488,deterministic_sample,2026-06-15
2020-12-01,developed,developed,-0.4188,0.15,-0.5688,deterministic_sample,2026-06-15
2021-01-01,developed,developed,-0.5113,0.15,-0.6613,deterministic_sample,2026-06-15
2021-02-01,developed,developed,-0.5738,0.15,-0.7238,deterministic_sample,2026-06-15
2021-03-01,developed,developed,-0.6046,0.15,-0.7546,deterministic_sample,2026-06-15
2021-04-01,developed,developed,-0.6028,0.15,-0.7528,deterministic_sample,2026-06-15
2021-05-01,developed,developed,-0.5684,0.15,-0.7184,deterministic_sample,2026-06-15
2021-06-01,developed,developed,-0.5024,0.15,-0.6524,deterministic_sample,2026-06-15
2021-07-01,developed,developed,-0.4065,0.15,-0.5565,deterministic_sample,2026-06-15
2021-08-01,developed,developed,-0.2835,0.15,-0.4335,deterministic_sample,2026-06-15
2021-09-01,developed,developed,-0.1368,0.15,-0.2868,deterministic_sample,2026-06-15
2021-10-01,developed,developed,0.0295,0.15,-0.1205,deterministic_sample,2026-06-15
2021-11-01,developed,developed,0.2107,0.15,0.0607,deterministic_sample,2026-06-15
2021-12-01,developed,developed,0.4019,0.15,0.2519,deterministic_sample,2026-06-15
2022-01-01,developed,developed,0.5976,0.15,0.4476,deterministic_sample,2026-06-15
2022-02-01,developed,developed,0.7924,0.15,0.6424,deterministic_sample,2026-06-15
2022-03-01,developed,developed,0.2098,0.15,0.0598,deterministic_sample,2026-06-15
2022-04-01,developed,developed,1.9284,0.15,1.7784,deterministic_sample,2026-06-15
2022-05-01,developed,developed,1.3175,0.15,1.1675,deterministic_sample,2026-06-15
2022-06-01,developed,developed,1.4565,0.15,1.3065,deterministic_sample,2026-06-15
2022-07-01,developed,developed,1.5703,0.15,1.4203,deterministic_sample,2026-06-15
2022-08-01,developed,developed,1.6559,0.15,1.5059,deterministic_sample,2026-06-15
2022-09-01,developed,developed,1.7107,0.15,1.5607,deterministic_sample,2026-06-15
2022-10-01,developed,developed,1.7331,0.15,1.5831,deterministic_sample,2026-06-15
2022-11-01,developed,developed,1.7225,0.15,1.5725,deterministic_sample,2026-06-15
2022-12-01,developed,developed,1.6791,0.15,1.5291,deterministic_sample,2026-06-15
2023-01-01,developed,developed,1.604,0.15,1.454,deterministic_sample,2026-06-15
2023-02-01,developed,developed,1.4993,0.15,1.3493,deterministic_sample,2026-06-15
2023-03-01,developed,developed,1.3678,0.15,1.2178,deterministic_sample,2026-06-15
2023-04-01,developed,developed,1.213,0.15,1.063,deterministic_sample,2026-06-15
2023-05-01,developed,developed,1.0392,0.15,0.8892,deterministic_sample,2026-06-15
2023-06-01,developed,developed,0.8513,0.15,0.7013,deterministic_sample,2026-06-15
2023-07-01,developed,developed,0.6543,0.15,0.5043,deterministic_sample,2026-06-15
2023-08-01,developed,developed,0.4538,0.15,0.3038,deterministic_sample,2026-06-15
2023-09-01,developed,developed,0.2552,0.15,0.1052,deterministic_sample,2026-06-15
2023-10-01,developed,developed,0.0641,0.15,-0.0859,deterministic_sample,2026-06-15
2023-11-01,developed,developed,-0.1143,0.15,-0.2643,deterministic_sample,2026-06-15
2023-12-01,developed,developed,-0.275,0.15,-0.425,deterministic_sample,2026-06-15
2024-01-01,developed,developed,-0.4134,0.15,-0.5634,deterministic_sample,2026-06-15
2024-02-01,developed,developed,-0.5259,0.15,-0.6759,deterministic_sample,2026-06-15
2024-03-01,developed,developed,-0.6091,0.15,-0.7591,deterministic_sample,2026-06-15
2024-04-01,developed,developed,-0.6608,0.15,-0.8108,deterministic_sample,2026-06-15
2024-05-01,developed,developed,-0.6795,0.15,-0.8295,deterministic_sample,2026-06-15
2024-06-01,developed,developed,-0.6646,0.15,-0.8146,deterministic_sample,2026-06-15
2024-07-01,developed,developed,-0.6164,0.15,-0.7664,deterministic_sample,2026-06-15
2024-08-01,developed,developed,-0.5362,0.15,-0.6862,deterministic_sample,2026-06-15
2024-09-01,developed,developed,-0.4263,0.15,-0.5763,deterministic_sample,2026-06-15
2024-10-01,developed,developed,-0.2895,0.15,-0.4395,deterministic_sample,2026-06-15
2024-11-01,developed,developed,-0.1295,0.15,-0.2795,deterministic_sample,2026-06-15
2024-12-01,developed,developed,0.0492,0.15,-0.1008,deterministic_sample,2026-06-15
2000-01-01,emerging,emerging,1.0173,0.15,0.8673,deterministic_sample,2026-06-15
2000-02-01,emerging,emerging,1.1942,0.15,1.0442,deterministic_sample,2026-06-15
2000-03-01,emerging,emerging,2.9981,0.15,2.8481,deterministic_sample,2026-06-15
2000-04-01,emerging,emerging,1.3887,0.15,1.2387,deterministic_sample,2026-06-15
2000-05-01,emerging,emerging,1.5018,0.15,1.3518,deterministic_sample,2026-06-15
2000-06-01,emerging,emerging,1.587,0.15,1.437,deterministic_sample,2026-06-15
2000-07-01,emerging,emerging,1.642,0.15,1.492,deterministic_sample,2026-06-15
2000-08-01,emerging,emerging,1.6653,0.15,1.5153,deterministic_sample,2026-06-15
2000-09-01,emerging,emerging,1.6564,0.15,1.5064,deterministic_sample,2026-06-15
2000-10-01,emerging,emerging,1.6155,0.15,1.4655,deterministic_sample,2026-06-15
2000-11-01,emerging,emerging,1.544,0.15,1.394,deterministic_sample,2026-06-15
2000-12-01,emerging,emerging,1.444,0.15,1.294,deterministic_sample,2026-06-15
2001-01-01,emerging,emerging,1.3184,0.15,1.1684,deterministic_sample,2026-06-15
2001-02-01,emerging,emerging,1.1708,0.15,1.0208,deterministic_sample,2026-06-15
2001-03-01,emerging,emerging,1.0054,0.15,0.8554,deterministic_sample,2026-06-15
2001-04-01,emerging,emerging,0.8271,0.15,0.6771,deterministic_sample,2026-06-15
2001-05-01,emerging,emerging,0.6409,0.15,0.4909,deterministic_sample,2026-06-15
2001-06-01,emerging,emerging,0.4522,0.15,0.3022,deterministic_sample,2026-06-15
2001-07-01,emerging,emerging,0.2663,0.15,0.1163,deterministic_sample,2026-06-15
2001-08-01,emerging,emerging,0.0886,0.15,-0.0614,deterministic_sample,2026-06-15
2001-09-01,emerging,emerging,-0.0758,0.15,-0.2258,deterministic_sample,2026-06-15
2001-10-01,emerging,emerging,-0.2222,0.15,-0.3722,deterministic_sample,2026-06-15
2001-11-01,emerging,emerging,-0.3465,0.15,-0.4965,deterministic_sample,2026-06-15
2001-12-01,emerging,emerging,-0.445,0.15,-0.595,deterministic_sample,2026-06-15
2002-01-01,emerging,emerging,-0.5149,0.15,-0.6649,deterministic_sample,2026-06-15
2002-02-01,emerging,emerging,-0.5541,0.15,-0.7041,deterministic_sample,2026-06-15
2002-03-01,emerging,emerging,-0.5615,0.15,-0.7115,deterministic_sample,2026-06-15
2002-04-01,emerging,emerging,-0.5368,0.15,-0.6868,deterministic_sample,2026-06-15
2002-05-01,emerging,emerging,-0.4805,0.15,-0.6305,deterministic_sample,2026-06-15
2002-06-01,emerging,emerging,-0.3943,0.15,-0.5443,deterministic_sample,2026-06-15
2002-07-01,emerging,emerging,-0.2805,0.15,-0.4305,deterministic_sample,2026-06-15
2002-08-01,emerging,emerging,-0.1422,0.15,-0.2922,deterministic_sample,2026-06-15
2002-09-01,emerging,emerging,0.0168,0.15,-0.1332,deterministic_sample,2026-06-15
2002-10-01,emerging,emerging,0.1919,0.15,0.0419,deterministic_sample,2026-06-15
2002-11-01,emerging,emerging,0.3783,0.15,0.2283,deterministic_sample,2026-06-15
2002-12-01,emerging,emerging,0.5707,0.15,0.4207,deterministic_sample,2026-06-15
2003-01-01,emerging,emerging,0.7638,0.15,0.6138,deterministic_sample,2026-06-15
2003-02-01,emerging,emerging,0.952,0.15,0.802,deterministic_sample,2026-06-15
2003-03-01,emerging,emerging,1.1301,0.15,0.9801,deterministic_sample,2026-06-15
2003-04-01,emerging,emerging,1.293,0.15,1.143,deterministic_sample,2026-06-15
2003-05-01,emerging,emerging,1.436,0.15,1.286,deterministic_sample,2026-06-15
2003-06-01,emerging,emerging,1.555,0.15,1.405,deterministic_sample,2026-06-15
2003-07-01,emerging,emerging,1.6466,0.15,1.4966,deterministic_sample,2026-06-15
2003-08-01,emerging,emerging,1.708,0.15,1.558,deterministic_sample,2026-06-15
2003-09-01,emerging,emerging,1.7374,0.15,1.5874,deterministic_sample,2026-06-15
2003-10-01,emerging,emerging,1.7338,0.15,1.5838,deterministic_sample,2026-06-15
2003-11-01,emerging,emerging,1.6971,0.15,1.5471,deterministic_sample,2026-06-15
2003-12-01,emerging,emerging,1.6282,0.15,1.4782,deterministic_sample,2026-06-15
2004-01-01,emerging,emerging,1.5288,0.15,1.3788,deterministic_sample,2026-06-15
2004-02-01,emerging,emerging,1.4015,0.15,1.2515,deterministic_sample,2026-06-15
2004-03-01,emerging,emerging,1.2498,0.15,1.0998,deterministic_sample,2026-06-15
2004-04-01,emerging,emerging,1.0776,0.15,0.9276,deterministic_sample,2026-06-15
2004-05-01,emerging,emerging,0.8896,0.15,0.7396,deterministic_sample,2026-06-15
2004-06-01,emerging,emerging,0.6909,0.15,0.5409,deterministic_sample,2026-06-15
2004-07-01,emerging,emerging,-1.2605,0.15,-1.4105,deterministic_sample,2026-06-15
2004-08-01,emerging,emerging,2.0307,0.15,1.8807,deterministic_sample,2026-06-15
2004-09-01,emerging,emerging,0.0854,0.15,-0.0646,deterministic_sample,2026-06-15
2004-10-01,emerging,emerging,-0.1011,0.15,-0.2511,deterministic_sample,2026-06-15
2004-11-01,emerging,emerging,-0.2712,0.15,-0.4212,deterministic_sample,2026-06-15
2004-12-01,emerging,emerging,-0.4201,0.15,-0.5701,deterministic_sample,2026-06-15
2005-01-01,emerging,emerging,-0.5438,0.15,-0.6938,deterministic_sample,2026-06-15
2005-02-01,emerging,emerging,-0.6387,0.15,-0.7887,deterministic_sample,2026-06-15
2005-03-01,emerging,emerging,-0.7022,0.15,-0.8522,deterministic_sample,2026-06-15
2005-04-01,emerging,emerging,-0.7325,0.15,-0.8825,deterministic_sample,2026-06-15
2005-05-01,emerging,emerging,-0.7287,0.15,-0.8787,deterministic_sample,2026-06-15
2005-06-01,emerging,emerging,-0.6906,0.15,-0.8406,deterministic_sample,2026-06-15
2005-07-01,emerging,emerging,-0.6194,0.15,-0.7694,deterministic_sample,2026-06-15
2005-08-01,emerging,emerging,-0.5169,0.15,-0.6669,deterministic_sample,2026-06-15
2005-09-01,emerging,emerging,-0.3857,0.15,-0.5357,deterministic_sample,2026-06-15
2005-10-01,emerging,emerging,-0.2293,0.15,-0.3793,deterministic_sample,2026-06-15
2005-11-01,emerging,emerging,-0.0519,0.15,-0.2019,deterministic_sample,2026-06-15
2005-12-01,emerging,emerging,0.1417,0.15,-0.0083,deterministic_sample,2026-06-15
2006-01-01,emerging,emerging,0.3463,0.15,0.1963,deterministic_sample,2026-06-15
2006-02-01,emerging,emerging,0.5564,0.15,0.4064,deterministic_sample,2026-06-15
2006-03-01,emerging,emerging,0.7665,0.15,0.6165,deterministic_sample,2026-06-15
2006-04-01,emerging,emerging,0.9707,0.15,0.8207,deterministic_sample,2026-06-15
2006-05-01,emerging,emerging,1.1637,0.15,1.0137,deterministic_sample,2026-06-15
2006-06-01,emerging,emerging,1.3403,0.15,1.1903,deterministic_sample,2026-06-15
2006-07-01,emerging,emerging,1.4956,0.15,1.3456,deterministic_sample,2026-06-15
2006-08-01,emerging,emerging,1.6256,0.15,1.4756,deterministic_sample,2026-06-15
2006-09-01,emerging,emerging,1.7267,0.15,1.5767,deterministic_sample,2026-06-15
2006-10-01,emerging,emerging,1.7963,0.15,1.6463,deterministic_sample,2026-06-15
2006-11-01,emerging,emerging,1.8326,0.15,1.6826,deterministic_sample,2026-06-15
2006-12-01,emerging,emerging,1.8346,0.15,1.6846,deterministic_sample,2026-06-15
2007-01-01,emerging,emerging,1.8024,0.15,1.6524,deterministic_sample,2026-06-15
2007-02-01,emerging,emerging,1.7368,0.15,1.5868,deterministic_sample,2026-06-15
2007-03-01,emerging,emerging,1.6398,0.15,1.4898,deterministic_sample,2026-06-15
2007-04-01,emerging,emerging,1.5141,0.15,1.3641,deterministic_sample,2026-06-15
2007-05-01,emerging,emerging,1.363,0.15,1.213,deterministic_sample,2026-06-15
2007-06-01,emerging,emerging,1.1909,0.15,1.0409,deterministic_sample,2026-06-15
2007-07-01,emerging,emerging,1.0024,0.15,0.8524,deterministic_sample,2026-06-15
2007-08-01,emerging,emerging,0.8027,0.15,0.6527,deterministic_sample,2026-06-15
2007-09-01,emerging,emerging,0.5972,0.15,0.4472,deterministic_sample,2026-06-15
2007-10-01,emerging,emerging,0.3916,0.15,0.2416,deterministic_sample,2026-06-15
2007-11-01,emerging,emerging,0.1914,0.15,0.0414,deterministic_sample,2026-06-15
2007-12-01,emerging,emerging,0.0021,0.15,-0.1479,deterministic_sample,2026-06-15
2008-01-01,emerging,emerging,-0.1712,0.15,-0.3212,deterministic_sample,2026-06-15
2008-02-01,emerging,emerging,-0.3239,0.15,-0.4739,deterministic_sample,2026-06-15
2008-03-01,emerging,emerging,-0.4519,0.15,-0.6019,deterministic_sample,2026-06-15
2008-04-01,emerging,emerging,-0.5517,0.15,-0.7017,deterministic_sample,2026-06-15
2008-05-01,emerging,emerging,-0.6209,0.15,-0.7709,deterministic_sample,2026-06-15
2008-06-01,emerging,emerging,-0.6577,0.15,-0.8077,deterministic_sample,2026-06-15
2008-07-01,emerging,emerging,-0.6611,0.15,-0.8111,deterministic_sample,2026-06-15
2008-08-01,emerging,emerging,-0.6313,0.15,-0.7813,deterministic_sample,2026-06-15
2008-09-01,emerging,emerging,-0.5693,0.15,-0.7193,deterministic_sample,2026-06-15
2008-10-01,emerging,emerging,-0.4769,0.15,-0.6269,deterministic_sample,2026-06-15
2008-11-01,emerging,emerging,-0.3569,0.15,-0.5069,deterministic_sample,2026-06-15
2008-12-01,emerging,emerging,-1.9602,0.15,-2.1102,deterministic_sample,2026-06-15
2009-01-01,emerging,emerging,1.6989,0.15,1.5489,deterministic_sample,2026-06-15
2009-02-01,emerging,emerging,0.131,0.15,-0.019,deterministic_sample,2026-06-15
2009-03-01,emerging,emerging,0.3209,0.15,0.1709,deterministic_sample,2026-06-15
2009-04-01,emerging,emerging,0.5157,0.15,0.3657,deterministic_sample,2026-06-15
2009-05-01,emerging,emerging,0.7099,0.15,0.5599,deterministic_sample,2026-06-15
2009-06-01,emerging,emerging,0.8982,0.15,0.7482,deterministic_sample,2026-06-15
2009-07-01,emerging,emerging,1.0752,0.15,0.9252,deterministic_sample,2026-06-15
2009-08-01,emerging,emerging,1.236,0.15,1.086,deterministic_sample,2026-06-15
2009-09-01,emerging,emerging,1.3763,0.15,1.2263,deterministic_sample,2026-06-15
2009-10-01,emerging,emerging,1.492,0.15,1.342,deterministic_sample,2026-06-15
2009-11-01,emerging,emerging,1.58,0.15,1.43,deterministic_sample,2026-06-15
2009-12-01,emerging,emerging,1.6381,0.15,1.4881,deterministic_sample,2026-06-15
2010-01-01,emerging,emerging,1.6645,0.15,1.5145,deterministic_sample,2026-06-15
2010-02-01,emerging,emerging,1.6587,0.15,1.5087,deterministic_sample,2026-06-15
2010-03-01,emerging,emerging,1.6209,0.15,1.4709,deterministic_sample,2026-06-15
2010-04-01,emerging,emerging,1.5523,0.15,1.4023,deterministic_sample,2026-06-15
2010-05-01,emerging,emerging,1.4549,0.15,1.3049,deterministic_sample,2026-06-15
2010-06-01,emerging,emerging,1.3316,0.15,1.1816,deterministic_sample,2026-06-15
2010-07-01,emerging,emerging,1.186,0.15,1.036,deterministic_sample,2026-06-15
2010-08-01,emerging,emerging,1.0222,0.15,0.8722,deterministic_sample,2026-06-15
2010-09-01,emerging,emerging,0.8449,0.15,0.6949,deterministic_sample,2026-06-15
2010-10-01,emerging,emerging,0.6592,0.15,0.5092,deterministic_sample,2026-06-15
2010-11-01,emerging,emerging,0.4705,0.15,0.3205,deterministic_sample,2026-06-15
2010-12-01,emerging,emerging,0.2841,0.15,0.1341,deterministic_sample,2026-06-15
2011-01-01,emerging,emerging,0.1054,0.15,-0.0446,deterministic_sample,2026-06-15
2011-02-01,emerging,emerging,-0.0605,0.15,-0.2105,deterministic_sample,2026-06-15
2011-03-01,emerging,emerging,-0.2089,0.15,-0.3589,deterministic_sample,2026-06-15
2011-04-01,emerging,emerging,-0.3355,0.15,-0.4855,deterministic_sample,2026-06-15
2011-05-01,emerging,emerging,-0.4366,0.15,-0.5866,deterministic_sample,2026-06-15
2011-06-01,emerging,emerging,-0.5094,0.15,-0.6594,deterministic_sample,2026-06-15
2011-07-01,emerging,emerging,-0.5517,0.15,-0.7017,deterministic_sample,2026-06-15
2011-08-01,emerging,emerging,-0.5622,0.15,-0.7122,deterministic_sample,2026-06-15
2011-09-01,emerging,emerging,-0.5406,0.15,-0.6906,deterministic_sample,2026-06-15
2011-10-01,emerging,emerging,-0.4874,0.15,-0.6374,deterministic_sample,2026-06-15
2011-11-01,emerging,emerging,-0.404,0.15,-0.554,deterministic_sample,2026-06-15
2011-12-01,emerging,emerging,-0.2927,0.15,-0.4427,deterministic_sample,2026-06-15
2012-01-01,emerging,emerging,-0.1566,0.15,-0.3066,deterministic_sample,2026-06-15
2012-02-01,emerging,emerging,0.0005,0.15,-0.1495,deterministic_sample,2026-06-15
2012-03-01,emerging,emerging,0.1743,0.15,0.0243,deterministic_sample,2026-06-15
2012-04-01,emerging,emerging,0.3598,0.15,0.2098,deterministic_sample,2026-06-15
2012-05-01,emerging,emerging,0.5519,0.15,0.4019,deterministic_sample,2026-06-15
2012-06-01,emerging,emerging,0.7451,0.15,0.5951,deterministic_sample,2026-06-15
2012-07-01,emerging,emerging,0.9341,0.15,0.7841,deterministic_sample,2026-06-15
2012-08-01,emerging,emerging,1.1134,0.15,0.9634,deterministic_sample,2026-06-15
2012-09-01,emerging,emerging,1.278,0.15,1.128,deterministic_sample,2026-06-15
2012-10-01,emerging,emerging,1.4231,0.15,1.2731,deterministic_sample,2026-06-15
2012-11-01,emerging,emerging,1.5446,0.15,1.3946,deterministic_sample,2026-06-15
2012-12-01,emerging,emerging,1.6389,0.15,1.4889,deterministic_sample,2026-06-15
2013-01-01,emerging,emerging,1.7034,0.15,1.5534,deterministic_sample,2026-06-15
2013-02-01,emerging,emerging,1.736,0.15,1.586,deterministic_sample,2026-06-15
2013-03-01,emerging,emerging,1.7356,0.15,1.5856,deterministic_sample,2026-06-15
2013-04-01,emerging,emerging,1.7021,0.15,1.5521,deterministic_sample,2026-06-15
2013-05-01,emerging,emerging,-0.1112,0.15,-0.2612,deterministic_sample,2026-06-15
2013-06-01,emerging,emerging,3.2872,0.15,3.1372,deterministic_sample,2026-06-15
2013-07-01,emerging,emerging,1.4151,0.15,1.2651,deterministic_sample,2026-06-15
2013-08-01,emerging,emerging,1.2655,0.15,1.1155,deterministic_sample,2026-06-15
2013-09-01,emerging,emerging,1.0951,0.15,0.9451,deterministic_sample,2026-06-15
2013-10-01,emerging,emerging,0.9084,0.15,0.7584,deterministic_sample,2026-06-15
2013-11-01,emerging,emerging,0.7106,0.15,0.5606,deterministic_sample,2026-06-15
2013-12-01,emerging,emerging,0.5069,0.15,0.3569,deterministic_sample,2026-06-15
2014-01-01,emerging,emerging,0.3029,0.15,0.1529,deterministic_sample,2026-06-15
2014-02-01,emerging,emerging,0.1043,0.15,-0.0457,deterministic_sample,2026-06-15
2014-03-01,emerging,emerging,-0.0836,0.15,-0.2336,deterministic_sample,2026-06-15
2014-04-01,emerging,emerging,-0.2555,0.15,-0.4055,deterministic_sample,2026-06-15
2014-05-01,emerging,emerging,-0.4067,0.15,-0.5567,deterministic_sample,2026-06-15
2014-06-01,emerging,emerging,-0.533,0.15,-0.683,deterministic_sample,2026-06-15
2014-07-01,emerging,emerging,-0.6308,0.15,-0.7808,deterministic_sample,2026-06-15
2014-08-01,emerging,emerging,-0.6975,0.15,-0.8475,deterministic_sample,2026-06-15
2014-09-01,emerging,emerging,-0.7311,0.15,-0.8811,deterministic_sample,2026-06-15
2014-10-01,emerging,emerging,-0.7305,0.15,-0.8805,deterministic_sample,2026-06-15
2014-11-01,emerging,emerging,-0.6958,0.15,-0.8458,deterministic_sample,2026-06-15
2014-12-01,emerging,emerging,-0.6278,0.15,-0.7778,deterministic_sample,2026-06-15
2015-01-01,emerging,emerging,-0.5282,0.15,-0.6782,deterministic_sample,2026-06-15
2015-02-01,emerging,emerging,-0.3996,0.15,-0.5496,deterministic_sample,2026-06-15
2015-03-01,emerging,emerging,-0.2455,0.15,-0.3955,deterministic_sample,2026-06-15
2015-04-01,emerging,emerging,-0.07,0.15,-0.22,deterministic_sample,2026-06-15
2015-05-01,emerging,emerging,0.1223,0.15,-0.0277,deterministic_sample,2026-06-15
2015-06-01,emerging,emerging,0.326,0.15,0.176,deterministic_sample,2026-06-15
2015-07-01,emerging,emerging,0.5359,0.15,0.3859,deterministic_sample,2026-06-15
2015-08-01,emerging,emerging,0.7462,0.15,0.5962,deterministic_sample,2026-06-15
2015-09-01,emerging,emerging,0.9513,0.15,0.8013,deterministic_sample,2026-06-15
2015-10-01,emerging,emerging,1.1456,0.15,0.9956,deterministic_sample,2026-06-15
2015-11-01,emerging,emerging,1.324,0.15,1.174,deterministic_sample,2026-06-15
2015-12-01,emerging,emerging,1.4815,0.15,1.3315,deterministic_sample,2026-06-15
2016-01-01,emerging,emerging,1.6141,0.15,1.4641,deterministic_sample,2026-06-15
2016-02-01,emerging,emerging,1.7182,0.15,1.5682,deterministic_sample,2026-06-15
2016-03-01,emerging,emerging,1.791,0.15,1.641,deterministic_sample,2026-06-15
2016-04-01,emerging,emerging,1.8306,0.15,1.6806,deterministic_sample,2026-06-15
2016-05-01,emerging,emerging,1.8359,0.15,1.6859,deterministic_sample,2026-06-15
2016-06-01,emerging,emerging,1.807,0.15,1.657,deterministic_sample,2026-06-15
2016-07-01,emerging,emerging,1.7446,0.15,1.5946,deterministic_sample,2026-06-15
2016-08-01,emerging,emerging,1.6506,0.15,1.5006,deterministic_sample,2026-06-15
2016-09-01,emerging,emerging,1.5275,0.15,1.3775,deterministic_sample,2026-06-15
2016-10-01,emerging,emerging,1.3787,0.15,1.2287,deterministic_sample,2026-06-15
2016-11-01,emerging,emerging,1.2085,0.15,1.0585,deterministic_sample,2026-06-15
2016-12-01,emerging,emerging,1.0213,0.15,0.8713,deterministic_sample,2026-06-15
2017-01-01,emerging,emerging,0.8225,0.15,0.6725,deterministic_sample,2026-06-15
2017-02-01,emerging,emerging,0.6173,0.15,0.4673,deterministic_sample,2026-06-15
2017-03-01,emerging,emerging,0.4115,0.15,0.2615,deterministic_sample,2026-06-15
2017-04-01,emerging,emerging,0.2105,0.15,0.0605,deterministic_sample,2026-06-15
2017-05-01,emerging,emerging,0.0199,0.15,-0.1301,deterministic_sample,2026-06-15
2017-06-01,emerging,emerging,-0.1552,0.15,-0.3052,deterministic_sample,2026-06-15
2017-07-01,emerging,emerging,-0.31,0.15,-0.46,deterministic_sample,2026-06-15
2017-08-01,emerging,emerging,-0.4406,0.15,-0.5906,deterministic_sample,2026-06-15
2017-09-01,emerging,emerging,-0.5433,0.15,-0.6933,deterministic_sample,2026-06-15
2017-10-01,emerging,emerging,-2.363,0.15,-2.513,deterministic_sample,2026-06-15
2017-11-01,emerging,emerging,1.0919,0.15,0.9419,deterministic_sample,2026-06-15
2017-12-01,emerging,emerging,-0.6622,0.15,-0.8122,deterministic_sample,2026-06-15
2018-01-01,emerging,emerging,-0.6357,0.15,-0.7857,deterministic_sample,2026-06-15
2018-02-01,emerging,emerging,-0.5767,0.15,-0.7267,deterministic_sample,2026-06-15
2018-03-01,emerging,emerging,-0.4872,0.15,-0.6372,deterministic_sample,2026-06-15
2018-04-01,emerging,emerging,-0.3697,0.15,-0.5197,deterministic_sample,2026-06-15
2018-05-01,emerging,emerging,-0.2278,0.15,-0.3778,deterministic_sample,2026-06-15
2018-06-01,emerging,emerging,-0.0653,0.15,-0.2153,deterministic_sample,2026-06-15
2018-07-01,emerging,emerging,0.113,0.15,-0.037,deterministic_sample,2026-06-15
2018-08-01,emerging,emerging,0.3021,0.15,0.1521,deterministic_sample,2026-06-15
2018-09-01,emerging,emerging,0.4966,0.15,0.3466,deterministic_sample,2026-06-15
2018-10-01,emerging,emerging,0.6912,0.15,0.5412,deterministic_sample,2026-06-15
2018-11-01,emerging,emerging,0.8802,0.15,0.7302,deterministic_sample,2026-06-15
2018-12-01,emerging,emerging,1.0586,0.15,0.9086,deterministic_sample,2026-06-15
2019-01-01,emerging,emerging,1.2212,0.15,1.0712,deterministic_sample,2026-06-15
2019-02-01,emerging,emerging,1.3636,0.15,1.2136,deterministic_sample,2026-06-15
2019-03-01,emerging,emerging,1.4819,0.15,1.3319,deterministic_sample,2026-06-15
2019-04-01,emerging,emerging,1.5728,0.15,1.4228,deterministic_sample,2026-06-15
2019-05-01,emerging,emerging,1.6338,0.15,1.4838,deterministic_sample,2026-06-15
2019-06-01,emerging,emerging,1.6633,0.15,1.5133,deterministic_sample,2026-06-15
2019-07-01,emerging,emerging,1.6606,0.15,1.5106,deterministic_sample,2026-06-15
2019-08-01,emerging,emerging,1.6259,0.15,1.4759,deterministic_sample,2026-06-15
2019-09-01,emerging,emerging,1.5603,0.15,1.4103,deterministic_sample,2026-06-15
2019-10-01,emerging,emerging,1.4656,0.15,1.3156,deterministic_sample,2026-06-15
2019-11-01,emerging,emerging,1.3447,0.15,1.1947,deterministic_sample,2026-06-15
2019-12-01,emerging,emerging,1.201,0.15,1.051,deterministic_sample,2026-06-15
2020-01-01,emerging,emerging,1.0388,0.15,0.8888,deterministic_sample,2026-06-15
2020-02-01,emerging,emerging,0.8626,0.15,0.7126,deterministic_sample,2026-06-15
2020-03-01,emerging,emerging,0.6775,0.15,0.5275,deterministic_sample,2026-06-15
2020-04-01,emerging,emerging,0.4889,0.15,0.3389,deterministic_sample,2026-06-15
2020-05-01,emerging,emerging,0.302,0.15,0.152,deterministic_sample,2026-06-15
2020-06-01,emerging,emerging,0.1223,0.15,-0.0277,deterministic_sample,2026-06-15
2020-07-01,emerging,emerging,-0.045,0.15,-0.195,deterministic_sample,2026-06-15
2020-08-01,emerging,emerging,-0.1953,0.15,-0.3453,deterministic_sample,2026-06-15
2020-09-01,emerging,emerging,-0.3242,0.15,-0.4742,deterministic_sample,2026-06-15
2020-10-01,emerging,emerging,-0.428,0.15,-0.578,deterministic_sample,2026-06-15
2020-11-01,emerging,emerging,-0.5036,0.15,-0.6536,deterministic_sample,2026-06-15
2020-12-01,emerging,emerging,-0.549,0.15,-0.699,deterministic_sample,2026-06-15
2021-01-01,emerging,emerging,-0.5626,0.15,-0.7126,deterministic_sample,2026-06-15
2021-02-01,emerging,emerging,-0.5441,0.15,-0.6941,deterministic_sample,2026-06-15
2021-03-01,emerging,emerging,-0.4939,0.15,-0.6439,deterministic_sample,2026-06-15
2021-04-01,emerging,emerging,-0.4133,0.15,-0.5633,deterministic_sample,2026-06-15
2021-05-01,emerging,emerging,-0.3047,0.15,-0.4547,deterministic_sample,2026-06-15
2021-06-01,emerging,emerging,-0.1708,0.15,-0.3208,deterministic_sample,2026-06-15
2021-07-01,emerging,emerging,-0.0156,0.15,-0.1656,deterministic_sample,2026-06-15
2021-08-01,emerging,emerging,0.1568,0.15,0.0068,deterministic_sample,2026-06-15
2021-09-01,emerging,emerging,0.3414,0.15,0.1914,deterministic_sample,2026-06-15
2021-10-01,emerging,emerging,0.533,0.15,0.383,deterministic_sample,2026-06-15
2021-11-01,emerging,emerging,0.7264,0.15,0.5764,deterministic_sample,2026-06-15
2021-12-01,emerging,emerging,0.916,0.15,0.766,deterministic_sample,2026-06-15
2022-01-01,emerging,emerging,1.0965,0.15,0.9465,deterministic_sample,2026-06-15
2022-02-01,emerging,emerging,1.2627,0.15,1.1127,deterministic_sample,2026-06-15
2022-03-01,emerging,emerging,-0.3375,0.15,-0.4875,deterministic_sample,2026-06-15
2022-04-01,emerging,emerging,3.2813,0.15,3.1313,deterministic_sample,2026-06-15
2022-05-01,emerging,emerging,1.631,0.15,1.481,deterministic_sample,2026-06-15
2022-06-01,emerging,emerging,1.6985,0.15,1.5485,deterministic_sample,2026-06-15
2022-07-01,emerging,emerging,1.7342,0.15,1.5842,deterministic_sample,2026-06-15
2022-08-01,emerging,emerging,1.7371,0.15,1.5871,deterministic_sample,2026-06-15
2022-09-01,emerging,emerging,1.7068,0.15,1.5568,deterministic_sample,2026-06-15
2022-10-01,emerging,emerging,1.6441,0.15,1.4941,deterministic_sample,2026-06-15
2022-11-01,emerging,emerging,1.5504,0.15,1.4004,deterministic_sample,2026-06-15
2022-12-01,emerging,emerging,1.4284,0.15,1.2784,deterministic_sample,2026-06-15
2023-01-01,emerging,emerging,1.2811,0.15,1.1311,deterministic_sample,2026-06-15
2023-02-01,emerging,emerging,1.1125,0.15,0.9625,deterministic_sample,2026-06-15
2023-03-01,emerging,emerging,0.9272,0.15,0.7772,deterministic_sample,2026-06-15
2023-04-01,emerging,emerging,0.7302,0.15,0.5802,deterministic_sample,2026-06-15
2023-05-01,emerging,emerging,0.5268,0.15,0.3768,deterministic_sample,2026-06-15
2023-06-01,emerging,emerging,0.3226,0.15,0.1726,deterministic_sample,2026-06-15
2023-07-01,emerging,emerging,0.1232,0.15,-0.0268,deterministic_sample,2026-06-15
2023-08-01,emerging,emerging,-0.0659,0.15,-0.2159,deterministic_sample,2026-06-15
2023-09-01,emerging,emerging,-0.2396,0.15,-0.3896,deterministic_sample,2026-06-15
2023-10-01,emerging,emerging,-0.393,0.15,-0.543,deterministic_sample,2026-06-15
2023-11-01,emerging,emerging,-0.5219,0.15,-0.6719,deterministic_sample,2026-06-15
2023-12-01,emerging,emerging,-0.6226,0.15,-0.7726,deterministic_sample,2026-06-15
2024-01-01,emerging,emerging,-0.6924,0.15,-0.8424,deterministic_sample,2026-06-15
2024-02-01,emerging,emerging,-0.7293,0.15,-0.8793,deterministic_sample,2026-06-15
2024-03-01,emerging,emerging,-0.7321,0.15,-0.8821,deterministic_sample,2026-06-15
2024-04-01,emerging,emerging,-0.7007,0.15,-0.8507,deterministic_sample,2026-06-15
2024-05-01,emerging,emerging,-0.6358,0.15,-0.7858,deterministic_sample,2026-06-15
2024-06-01,emerging,emerging,-0.5392,0.15,-0.6892,deterministic_sample,2026-06-15
2024-07-01,emerging,emerging,-0.4133,0.15,-0.5633,deterministic_sample,2026-06-15
2024-08-01,emerging,emerging,-0.2615,0.15,-0.4115,deterministic_sample,2026-06-15
2024-09-01,emerging,emerging,-0.0879,0.15,-0.2379,deterministic_sample,2026-06-15
2024-10-01,emerging,emerging,0.1029,0.15,-0.0471,deterministic_sample,2026-06-15
2024-11-01,emerging,emerging,0.3058,0.15,0.1558,deterministic_sample,2026-06-15
2024-12-01,emerging,emerging,0.5154,0.15,0.3654,deterministic_sample,2026-06-15
