date_month,country_iso3,indicator_code,value,frequency_original,frequency_converted,source,source_download_date
2000-01-01,GLB,sample_global_cycle,0.0,monthly,monthly,deterministic_sample,2026-06-15
2000-02-01,GLB,sample_global_cycle,0.0832,monthly,monthly,deterministic_sample,2026-06-15
2000-03-01,GLB,sample_global_cycle,0.1659,monthly,monthly,deterministic_sample,2026-06-15
2000-04-01,GLB,sample_global_cycle,0.2474,monthly,monthly,deterministic_sample,2026-06-15
2000-05-01,GLB,sample_global_cycle,0.3272,monthly,monthly,deterministic_sample,2026-06-15
2000-06-01,GLB,sample_global_cycle,0.4047,monthly,monthly,deterministic_sample,2026-06-15
2000-07-01,GLB,sample_global_cycle,0.4794,monthly,monthly,deterministic_sample,2026-06-15
2000-08-01,GLB,sample_global_cycle,0.5508,monthly,monthly,deterministic_sample,2026-06-15
2000-09-01,GLB,sample_global_cycle,0.6184,monthly,monthly,deterministic_sample,2026-06-15
2000-10-01,GLB,sample_global_cycle,0.6816,monthly,monthly,deterministic_sample,2026-06-15
2000-11-01,GLB,sample_global_cycle,0.7402,monthly,monthly,deterministic_sample,2026-06-15
2000-12-01,GLB,sample_global_cycle,0.7936,monthly,monthly,deterministic_sample,2026-06-15
2001-01-01,GLB,sample_global_cycle,0.8415,monthly,monthly,deterministic_sample,2026-06-15
2001-02-01,GLB,sample_global_cycle,0.8835,monthly,monthly,deterministic_sample,2026-06-15
2001-03-01,GLB,sample_global_cycle,0.9194,monthly,monthly,deterministic_sample,2026-06-15
2001-04-01,GLB,sample_global_cycle,0.949,monthly,monthly,deterministic_sample,2026-06-15
2001-05-01,GLB,sample_global_cycle,0.9719,monthly,monthly,deterministic_sample,2026-06-15
2001-06-01,GLB,sample_global_cycle,0.9881,monthly,monthly,deterministic_sample,2026-06-15
2001-07-01,GLB,sample_global_cycle,0.9975,monthly,monthly,deterministic_sample,2026-06-15
2001-08-01,GLB,sample_global_cycle,0.9999,monthly,monthly,deterministic_sample,2026-06-15
2001-09-01,GLB,sample_global_cycle,0.9954,monthly,monthly,deterministic_sample,2026-06-15
2001-10-01,GLB,sample_global_cycle,0.984,monthly,monthly,deterministic_sample,2026-06-15
2001-11-01,GLB,sample_global_cycle,0.9657,monthly,monthly,deterministic_sample,2026-06-15
2001-12-01,GLB,sample_global_cycle,0.9408,monthly,monthly,deterministic_sample,2026-06-15
2002-01-01,GLB,sample_global_cycle,0.9093,monthly,monthly,deterministic_sample,2026-06-15
2002-02-01,GLB,sample_global_cycle,0.8715,monthly,monthly,deterministic_sample,2026-06-15
2002-03-01,GLB,sample_global_cycle,0.8277,monthly,monthly,deterministic_sample,2026-06-15
2002-04-01,GLB,sample_global_cycle,0.7781,monthly,monthly,deterministic_sample,2026-06-15
2002-05-01,GLB,sample_global_cycle,0.7231,monthly,monthly,deterministic_sample,2026-06-15
2002-06-01,GLB,sample_global_cycle,0.6631,monthly,monthly,deterministic_sample,2026-06-15
2002-07-01,GLB,sample_global_cycle,0.5985,monthly,monthly,deterministic_sample,2026-06-15
2002-08-01,GLB,sample_global_cycle,0.5297,monthly,monthly,deterministic_sample,2026-06-15
2002-09-01,GLB,sample_global_cycle,0.4573,monthly,monthly,deterministic_sample,2026-06-15
2002-10-01,GLB,sample_global_cycle,0.3817,monthly,monthly,deterministic_sample,2026-06-15
2002-11-01,GLB,sample_global_cycle,0.3034,monthly,monthly,deterministic_sample,2026-06-15
2002-12-01,GLB,sample_global_cycle,0.223,monthly,monthly,deterministic_sample,2026-06-15
2003-01-01,GLB,sample_global_cycle,0.1411,monthly,monthly,deterministic_sample,2026-06-15
2003-02-01,GLB,sample_global_cycle,0.0582,monthly,monthly,deterministic_sample,2026-06-15
2003-03-01,GLB,sample_global_cycle,-0.0251,monthly,monthly,deterministic_sample,2026-06-15
2003-04-01,GLB,sample_global_cycle,-0.1082,monthly,monthly,deterministic_sample,2026-06-15
2003-05-01,GLB,sample_global_cycle,-0.1906,monthly,monthly,deterministic_sample,2026-06-15
2003-06-01,GLB,sample_global_cycle,-0.2716,monthly,monthly,deterministic_sample,2026-06-15
2003-07-01,GLB,sample_global_cycle,-0.3508,monthly,monthly,deterministic_sample,2026-06-15
2003-08-01,GLB,sample_global_cycle,-0.4275,monthly,monthly,deterministic_sample,2026-06-15
2003-09-01,GLB,sample_global_cycle,-0.5013,monthly,monthly,deterministic_sample,2026-06-15
2003-10-01,GLB,sample_global_cycle,-0.5716,monthly,monthly,deterministic_sample,2026-06-15
2003-11-01,GLB,sample_global_cycle,-0.6379,monthly,monthly,deterministic_sample,2026-06-15
2003-12-01,GLB,sample_global_cycle,-0.6998,monthly,monthly,deterministic_sample,2026-06-15
2004-01-01,GLB,sample_global_cycle,-0.7568,monthly,monthly,deterministic_sample,2026-06-15
2004-02-01,GLB,sample_global_cycle,-0.8086,monthly,monthly,deterministic_sample,2026-06-15
2004-03-01,GLB,sample_global_cycle,-0.8548,monthly,monthly,deterministic_sample,2026-06-15
2004-04-01,GLB,sample_global_cycle,-0.895,monthly,monthly,deterministic_sample,2026-06-15
2004-05-01,GLB,sample_global_cycle,-0.929,monthly,monthly,deterministic_sample,2026-06-15
2004-06-01,GLB,sample_global_cycle,-0.9566,monthly,monthly,deterministic_sample,2026-06-15
2004-07-01,GLB,sample_global_cycle,-0.9775,monthly,monthly,deterministic_sample,2026-06-15
2004-08-01,GLB,sample_global_cycle,-0.9917,monthly,monthly,deterministic_sample,2026-06-15
2004-09-01,GLB,sample_global_cycle,-0.999,monthly,monthly,deterministic_sample,2026-06-15
2004-10-01,GLB,sample_global_cycle,-0.9993,monthly,monthly,deterministic_sample,2026-06-15
2004-11-01,GLB,sample_global_cycle,-0.9927,monthly,monthly,deterministic_sample,2026-06-15
2004-12-01,GLB,sample_global_cycle,-0.9792,monthly,monthly,deterministic_sample,2026-06-15
2005-01-01,GLB,sample_global_cycle,-0.9589,monthly,monthly,deterministic_sample,2026-06-15
2005-02-01,GLB,sample_global_cycle,-0.932,monthly,monthly,deterministic_sample,2026-06-15
2005-03-01,GLB,sample_global_cycle,-0.8986,monthly,monthly,deterministic_sample,2026-06-15
2005-04-01,GLB,sample_global_cycle,-0.8589,monthly,monthly,deterministic_sample,2026-06-15
2005-05-01,GLB,sample_global_cycle,-0.8133,monthly,monthly,deterministic_sample,2026-06-15
2005-06-01,GLB,sample_global_cycle,-0.7621,monthly,monthly,deterministic_sample,2026-06-15
2005-07-01,GLB,sample_global_cycle,-0.7055,monthly,monthly,deterministic_sample,2026-06-15
2005-08-01,GLB,sample_global_cycle,-0.6441,monthly,monthly,deterministic_sample,2026-06-15
2005-09-01,GLB,sample_global_cycle,-0.5782,monthly,monthly,deterministic_sample,2026-06-15
2005-10-01,GLB,sample_global_cycle,-0.5083,monthly,monthly,deterministic_sample,2026-06-15
2005-11-01,GLB,sample_global_cycle,-0.4348,monthly,monthly,deterministic_sample,2026-06-15
2005-12-01,GLB,sample_global_cycle,-0.3584,monthly,monthly,deterministic_sample,2026-06-15
2006-01-01,GLB,sample_global_cycle,-0.2794,monthly,monthly,deterministic_sample,2026-06-15
2006-02-01,GLB,sample_global_cycle,-0.1985,monthly,monthly,deterministic_sample,2026-06-15
2006-03-01,GLB,sample_global_cycle,-0.1163,monthly,monthly,deterministic_sample,2026-06-15
2006-04-01,GLB,sample_global_cycle,-0.0332,monthly,monthly,deterministic_sample,2026-06-15
2006-05-01,GLB,sample_global_cycle,0.0501,monthly,monthly,deterministic_sample,2026-06-15
2006-06-01,GLB,sample_global_cycle,0.1331,monthly,monthly,deterministic_sample,2026-06-15
2006-07-01,GLB,sample_global_cycle,0.2151,monthly,monthly,deterministic_sample,2026-06-15
2006-08-01,GLB,sample_global_cycle,0.2957,monthly,monthly,deterministic_sample,2026-06-15
2006-09-01,GLB,sample_global_cycle,0.3742,monthly,monthly,deterministic_sample,2026-06-15
2006-10-01,GLB,sample_global_cycle,0.45,monthly,monthly,deterministic_sample,2026-06-15
2006-11-01,GLB,sample_global_cycle,0.5228,monthly,monthly,deterministic_sample,2026-06-15
2006-12-01,GLB,sample_global_cycle,0.592,monthly,monthly,deterministic_sample,2026-06-15
2007-01-01,GLB,sample_global_cycle,0.657,monthly,monthly,deterministic_sample,2026-06-15
2007-02-01,GLB,sample_global_cycle,0.7175,monthly,monthly,deterministic_sample,2026-06-15
2007-03-01,GLB,sample_global_cycle,0.773,monthly,monthly,deterministic_sample,2026-06-15
2007-04-01,GLB,sample_global_cycle,0.8231,monthly,monthly,deterministic_sample,2026-06-15
2007-05-01,GLB,sample_global_cycle,0.8675,monthly,monthly,deterministic_sample,2026-06-15
2007-06-01,GLB,sample_global_cycle,0.9059,monthly,monthly,deterministic_sample,2026-06-15
2007-07-01,GLB,sample_global_cycle,0.938,monthly,monthly,deterministic_sample,2026-06-15
2007-08-01,GLB,sample_global_cycle,0.9636,monthly,monthly,deterministic_sample,2026-06-15
2007-09-01,GLB,sample_global_cycle,0.9825,monthly,monthly,deterministic_sample,2026-06-15
2007-10-01,GLB,sample_global_cycle,0.9946,monthly,monthly,deterministic_sample,2026-06-15
2007-11-01,GLB,sample_global_cycle,0.9998,monthly,monthly,deterministic_sample,2026-06-15
2007-12-01,GLB,sample_global_cycle,0.998,monthly,monthly,deterministic_sample,2026-06-15
2008-01-01,GLB,sample_global_cycle,0.9894,monthly,monthly,deterministic_sample,2026-06-15
2008-02-01,GLB,sample_global_cycle,0.9738,monthly,monthly,deterministic_sample,2026-06-15
2008-03-01,GLB,sample_global_cycle,0.9515,monthly,monthly,deterministic_sample,2026-06-15
2008-04-01,GLB,sample_global_cycle,0.9226,monthly,monthly,deterministic_sample,2026-06-15
2008-05-01,GLB,sample_global_cycle,0.8873,monthly,monthly,deterministic_sample,2026-06-15
2008-06-01,GLB,sample_global_cycle,0.8458,monthly,monthly,deterministic_sample,2026-06-15
2008-07-01,GLB,sample_global_cycle,0.7985,monthly,monthly,deterministic_sample,2026-06-15
2008-08-01,GLB,sample_global_cycle,0.7456,monthly,monthly,deterministic_sample,2026-06-15
2008-09-01,GLB,sample_global_cycle,0.6876,monthly,monthly,deterministic_sample,2026-06-15
2008-10-01,GLB,sample_global_cycle,0.6247,monthly,monthly,deterministic_sample,2026-06-15
2008-11-01,GLB,sample_global_cycle,0.5576,monthly,monthly,deterministic_sample,2026-06-15
2008-12-01,GLB,sample_global_cycle,0.4865,monthly,monthly,deterministic_sample,2026-06-15
2009-01-01,GLB,sample_global_cycle,0.4121,monthly,monthly,deterministic_sample,2026-06-15
2009-02-01,GLB,sample_global_cycle,0.3348,monthly,monthly,deterministic_sample,2026-06-15
2009-03-01,GLB,sample_global_cycle,0.2553,monthly,monthly,deterministic_sample,2026-06-15
2009-04-01,GLB,sample_global_cycle,0.1739,monthly,monthly,deterministic_sample,2026-06-15
2009-05-01,GLB,sample_global_cycle,0.0913,monthly,monthly,deterministic_sample,2026-06-15
2009-06-01,GLB,sample_global_cycle,0.0081,monthly,monthly,deterministic_sample,2026-06-15
2009-07-01,GLB,sample_global_cycle,-0.0752,monthly,monthly,deterministic_sample,2026-06-15
2009-08-01,GLB,sample_global_cycle,-0.1579,monthly,monthly,deterministic_sample,2026-06-15
2009-09-01,GLB,sample_global_cycle,-0.2395,monthly,monthly,deterministic_sample,2026-06-15
2009-10-01,GLB,sample_global_cycle,-0.3195,monthly,monthly,deterministic_sample,2026-06-15
2009-11-01,GLB,sample_global_cycle,-0.3973,monthly,monthly,deterministic_sample,2026-06-15
2009-12-01,GLB,sample_global_cycle,-0.4723,monthly,monthly,deterministic_sample,2026-06-15
2010-01-01,GLB,sample_global_cycle,-0.544,monthly,monthly,deterministic_sample,2026-06-15
2010-02-01,GLB,sample_global_cycle,-0.612,monthly,monthly,deterministic_sample,2026-06-15
2010-03-01,GLB,sample_global_cycle,-0.6757,monthly,monthly,deterministic_sample,2026-06-15
2010-04-01,GLB,sample_global_cycle,-0.7347,monthly,monthly,deterministic_sample,2026-06-15
2010-05-01,GLB,sample_global_cycle,-0.7886,monthly,monthly,deterministic_sample,2026-06-15
2010-06-01,GLB,sample_global_cycle,-0.8371,monthly,monthly,deterministic_sample,2026-06-15
2010-07-01,GLB,sample_global_cycle,-0.8797,monthly,monthly,deterministic_sample,2026-06-15
2010-08-01,GLB,sample_global_cycle,-0.9162,monthly,monthly,deterministic_sample,2026-06-15
2010-09-01,GLB,sample_global_cycle,-0.9464,monthly,monthly,deterministic_sample,2026-06-15
2010-10-01,GLB,sample_global_cycle,-0.97,monthly,monthly,deterministic_sample,2026-06-15
2010-11-01,GLB,sample_global_cycle,-0.9869,monthly,monthly,deterministic_sample,2026-06-15
2010-12-01,GLB,sample_global_cycle,-0.9969,monthly,monthly,deterministic_sample,2026-06-15
2011-01-01,GLB,sample_global_cycle,-1.0,monthly,monthly,deterministic_sample,2026-06-15
2011-02-01,GLB,sample_global_cycle,-0.9962,monthly,monthly,deterministic_sample,2026-06-15
2011-03-01,GLB,sample_global_cycle,-0.9854,monthly,monthly,deterministic_sample,2026-06-15
2011-04-01,GLB,sample_global_cycle,-0.9678,monthly,monthly,deterministic_sample,2026-06-15
2011-05-01,GLB,sample_global_cycle,-0.9435,monthly,monthly,deterministic_sample,2026-06-15
2011-06-01,GLB,sample_global_cycle,-0.9126,monthly,monthly,deterministic_sample,2026-06-15
2011-07-01,GLB,sample_global_cycle,-0.8755,monthly,monthly,deterministic_sample,2026-06-15
2011-08-01,GLB,sample_global_cycle,-0.8322,monthly,monthly,deterministic_sample,2026-06-15
2011-09-01,GLB,sample_global_cycle,-0.7831,monthly,monthly,deterministic_sample,2026-06-15
2011-10-01,GLB,sample_global_cycle,-0.7287,monthly,monthly,deterministic_sample,2026-06-15
2011-11-01,GLB,sample_global_cycle,-0.6691,monthly,monthly,deterministic_sample,2026-06-15
2011-12-01,GLB,sample_global_cycle,-0.605,monthly,monthly,deterministic_sample,2026-06-15
2012-01-01,GLB,sample_global_cycle,-0.5366,monthly,monthly,deterministic_sample,2026-06-15
2012-02-01,GLB,sample_global_cycle,-0.4645,monthly,monthly,deterministic_sample,2026-06-15
2012-03-01,GLB,sample_global_cycle,-0.3891,monthly,monthly,deterministic_sample,2026-06-15
2012-04-01,GLB,sample_global_cycle,-0.3111,monthly,monthly,deterministic_sample,2026-06-15
2012-05-01,GLB,sample_global_cycle,-0.2309,monthly,monthly,deterministic_sample,2026-06-15
2012-06-01,GLB,sample_global_cycle,-0.1491,monthly,monthly,deterministic_sample,2026-06-15
2012-07-01,GLB,sample_global_cycle,-0.0663,monthly,monthly,deterministic_sample,2026-06-15
2012-08-01,GLB,sample_global_cycle,0.017,monthly,monthly,deterministic_sample,2026-06-15
2012-09-01,GLB,sample_global_cycle,0.1001,monthly,monthly,deterministic_sample,2026-06-15
2012-10-01,GLB,sample_global_cycle,0.1826,monthly,monthly,deterministic_sample,2026-06-15
2012-11-01,GLB,sample_global_cycle,0.2638,monthly,monthly,deterministic_sample,2026-06-15
2012-12-01,GLB,sample_global_cycle,0.3432,monthly,monthly,deterministic_sample,2026-06-15
2013-01-01,GLB,sample_global_cycle,0.4202,monthly,monthly,deterministic_sample,2026-06-15
2013-02-01,GLB,sample_global_cycle,0.4942,monthly,monthly,deterministic_sample,2026-06-15
2013-03-01,GLB,sample_global_cycle,0.5649,monthly,monthly,deterministic_sample,2026-06-15
2013-04-01,GLB,sample_global_cycle,0.6316,monthly,monthly,deterministic_sample,2026-06-15
2013-05-01,GLB,sample_global_cycle,0.694,monthly,monthly,deterministic_sample,2026-06-15
2013-06-01,GLB,sample_global_cycle,0.7515,monthly,monthly,deterministic_sample,2026-06-15
2013-07-01,GLB,sample_global_cycle,0.8038,monthly,monthly,deterministic_sample,2026-06-15
2013-08-01,GLB,sample_global_cycle,0.8505,monthly,monthly,deterministic_sample,2026-06-15
2013-09-01,GLB,sample_global_cycle,0.8913,monthly,monthly,deterministic_sample,2026-06-15
2013-10-01,GLB,sample_global_cycle,0.926,monthly,monthly,deterministic_sample,2026-06-15
2013-11-01,GLB,sample_global_cycle,0.9542,monthly,monthly,deterministic_sample,2026-06-15
2013-12-01,GLB,sample_global_cycle,0.9758,monthly,monthly,deterministic_sample,2026-06-15
2014-01-01,GLB,sample_global_cycle,0.9906,monthly,monthly,deterministic_sample,2026-06-15
2014-02-01,GLB,sample_global_cycle,0.9986,monthly,monthly,deterministic_sample,2026-06-15
2014-03-01,GLB,sample_global_cycle,0.9996,monthly,monthly,deterministic_sample,2026-06-15
2014-04-01,GLB,sample_global_cycle,0.9936,monthly,monthly,deterministic_sample,2026-06-15
2014-05-01,GLB,sample_global_cycle,0.9808,monthly,monthly,deterministic_sample,2026-06-15
2014-06-01,GLB,sample_global_cycle,0.9612,monthly,monthly,deterministic_sample,2026-06-15
2014-07-01,GLB,sample_global_cycle,0.9349,monthly,monthly,deterministic_sample,2026-06-15
2014-08-01,GLB,sample_global_cycle,0.9021,monthly,monthly,deterministic_sample,2026-06-15
2014-09-01,GLB,sample_global_cycle,0.8631,monthly,monthly,deterministic_sample,2026-06-15
2014-10-01,GLB,sample_global_cycle,0.818,monthly,monthly,deterministic_sample,2026-06-15
2014-11-01,GLB,sample_global_cycle,0.7673,monthly,monthly,deterministic_sample,2026-06-15
2014-12-01,GLB,sample_global_cycle,0.7113,monthly,monthly,deterministic_sample,2026-06-15
2015-01-01,GLB,sample_global_cycle,0.6503,monthly,monthly,deterministic_sample,2026-06-15
2015-02-01,GLB,sample_global_cycle,0.5848,monthly,monthly,deterministic_sample,2026-06-15
2015-03-01,GLB,sample_global_cycle,0.5152,monthly,monthly,deterministic_sample,2026-06-15
2015-04-01,GLB,sample_global_cycle,0.4421,monthly,monthly,deterministic_sample,2026-06-15
2015-05-01,GLB,sample_global_cycle,0.3659,monthly,monthly,deterministic_sample,2026-06-15
2015-06-01,GLB,sample_global_cycle,0.2872,monthly,monthly,deterministic_sample,2026-06-15
2015-07-01,GLB,sample_global_cycle,0.2065,monthly,monthly,deterministic_sample,2026-06-15
2015-08-01,GLB,sample_global_cycle,0.1243,monthly,monthly,deterministic_sample,2026-06-15
2015-09-01,GLB,sample_global_cycle,0.0413,monthly,monthly,deterministic_sample,2026-06-15
2015-10-01,GLB,sample_global_cycle,-0.042,monthly,monthly,deterministic_sample,2026-06-15
2015-11-01,GLB,sample_global_cycle,-0.125,monthly,monthly,deterministic_sample,2026-06-15
2015-12-01,GLB,sample_global_cycle,-0.2072,monthly,monthly,deterministic_sample,2026-06-15
2016-01-01,GLB,sample_global_cycle,-0.2879,monthly,monthly,deterministic_sample,2026-06-15
2016-02-01,GLB,sample_global_cycle,-0.3666,monthly,monthly,deterministic_sample,2026-06-15
2016-03-01,GLB,sample_global_cycle,-0.4428,monthly,monthly,deterministic_sample,2026-06-15
2016-04-01,GLB,sample_global_cycle,-0.5159,monthly,monthly,deterministic_sample,2026-06-15
2016-05-01,GLB,sample_global_cycle,-0.5854,monthly,monthly,deterministic_sample,2026-06-15
2016-06-01,GLB,sample_global_cycle,-0.6508,monthly,monthly,deterministic_sample,2026-06-15
2016-07-01,GLB,sample_global_cycle,-0.7118,monthly,monthly,deterministic_sample,2026-06-15
2016-08-01,GLB,sample_global_cycle,-0.7678,monthly,monthly,deterministic_sample,2026-06-15
2016-09-01,GLB,sample_global_cycle,-0.8184,monthly,monthly,deterministic_sample,2026-06-15
2016-10-01,GLB,sample_global_cycle,-0.8634,monthly,monthly,deterministic_sample,2026-06-15
2016-11-01,GLB,sample_global_cycle,-0.9024,monthly,monthly,deterministic_sample,2026-06-15
2016-12-01,GLB,sample_global_cycle,-0.9352,monthly,monthly,deterministic_sample,2026-06-15
2017-01-01,GLB,sample_global_cycle,-0.9614,monthly,monthly,deterministic_sample,2026-06-15
2017-02-01,GLB,sample_global_cycle,-0.981,monthly,monthly,deterministic_sample,2026-06-15
2017-03-01,GLB,sample_global_cycle,-0.9937,monthly,monthly,deterministic_sample,2026-06-15
2017-04-01,GLB,sample_global_cycle,-0.9996,monthly,monthly,deterministic_sample,2026-06-15
2017-05-01,GLB,sample_global_cycle,-0.9985,monthly,monthly,deterministic_sample,2026-06-15
2017-06-01,GLB,sample_global_cycle,-0.9905,monthly,monthly,deterministic_sample,2026-06-15
2017-07-01,GLB,sample_global_cycle,-0.9756,monthly,monthly,deterministic_sample,2026-06-15
2017-08-01,GLB,sample_global_cycle,-0.954,monthly,monthly,deterministic_sample,2026-06-15
2017-09-01,GLB,sample_global_cycle,-0.9257,monthly,monthly,deterministic_sample,2026-06-15
2017-10-01,GLB,sample_global_cycle,-0.891,monthly,monthly,deterministic_sample,2026-06-15
2017-11-01,GLB,sample_global_cycle,-0.8501,monthly,monthly,deterministic_sample,2026-06-15
2017-12-01,GLB,sample_global_cycle,-0.8033,monthly,monthly,deterministic_sample,2026-06-15
2018-01-01,GLB,sample_global_cycle,-0.751,monthly,monthly,deterministic_sample,2026-06-15
2018-02-01,GLB,sample_global_cycle,-0.6934,monthly,monthly,deterministic_sample,2026-06-15
2018-03-01,GLB,sample_global_cycle,-0.631,monthly,monthly,deterministic_sample,2026-06-15
2018-04-01,GLB,sample_global_cycle,-0.5643,monthly,monthly,deterministic_sample,2026-06-15
2018-05-01,GLB,sample_global_cycle,-0.4936,monthly,monthly,deterministic_sample,2026-06-15
2018-06-01,GLB,sample_global_cycle,-0.4195,monthly,monthly,deterministic_sample,2026-06-15
2018-07-01,GLB,sample_global_cycle,-0.3425,monthly,monthly,deterministic_sample,2026-06-15
2018-08-01,GLB,sample_global_cycle,-0.2631,monthly,monthly,deterministic_sample,2026-06-15
2018-09-01,GLB,sample_global_cycle,-0.1819,monthly,monthly,deterministic_sample,2026-06-15
2018-10-01,GLB,sample_global_cycle,-0.0994,monthly,monthly,deterministic_sample,2026-06-15
2018-11-01,GLB,sample_global_cycle,-0.0162,monthly,monthly,deterministic_sample,2026-06-15
2018-12-01,GLB,sample_global_cycle,0.0671,monthly,monthly,deterministic_sample,2026-06-15
2019-01-01,GLB,sample_global_cycle,0.1499,monthly,monthly,deterministic_sample,2026-06-15
2019-02-01,GLB,sample_global_cycle,0.2317,monthly,monthly,deterministic_sample,2026-06-15
2019-03-01,GLB,sample_global_cycle,0.3118,monthly,monthly,deterministic_sample,2026-06-15
2019-04-01,GLB,sample_global_cycle,0.3898,monthly,monthly,deterministic_sample,2026-06-15
2019-05-01,GLB,sample_global_cycle,0.4651,monthly,monthly,deterministic_sample,2026-06-15
2019-06-01,GLB,sample_global_cycle,0.5372,monthly,monthly,deterministic_sample,2026-06-15
2019-07-01,GLB,sample_global_cycle,0.6055,monthly,monthly,deterministic_sample,2026-06-15
2019-08-01,GLB,sample_global_cycle,0.6697,monthly,monthly,deterministic_sample,2026-06-15
2019-09-01,GLB,sample_global_cycle,0.7292,monthly,monthly,deterministic_sample,2026-06-15
2019-10-01,GLB,sample_global_cycle,0.7836,monthly,monthly,deterministic_sample,2026-06-15
2019-11-01,GLB,sample_global_cycle,0.8326,monthly,monthly,deterministic_sample,2026-06-15
2019-12-01,GLB,sample_global_cycle,0.8758,monthly,monthly,deterministic_sample,2026-06-15
2020-01-01,GLB,sample_global_cycle,0.9129,monthly,monthly,deterministic_sample,2026-06-15
2020-02-01,GLB,sample_global_cycle,0.9437,monthly,monthly,deterministic_sample,2026-06-15
2020-03-01,GLB,sample_global_cycle,0.968,monthly,monthly,deterministic_sample,2026-06-15
2020-04-01,GLB,sample_global_cycle,0.9855,monthly,monthly,deterministic_sample,2026-06-15
2020-05-01,GLB,sample_global_cycle,0.9962,monthly,monthly,deterministic_sample,2026-06-15
2020-06-01,GLB,sample_global_cycle,1.0,monthly,monthly,deterministic_sample,2026-06-15
2020-07-01,GLB,sample_global_cycle,0.9968,monthly,monthly,deterministic_sample,2026-06-15
2020-08-01,GLB,sample_global_cycle,0.9867,monthly,monthly,deterministic_sample,2026-06-15
2020-09-01,GLB,sample_global_cycle,0.9698,monthly,monthly,deterministic_sample,2026-06-15
2020-10-01,GLB,sample_global_cycle,0.9462,monthly,monthly,deterministic_sample,2026-06-15
2020-11-01,GLB,sample_global_cycle,0.9159,monthly,monthly,deterministic_sample,2026-06-15
2020-12-01,GLB,sample_global_cycle,0.8793,monthly,monthly,deterministic_sample,2026-06-15
2021-01-01,GLB,sample_global_cycle,0.8367,monthly,monthly,deterministic_sample,2026-06-15
2021-02-01,GLB,sample_global_cycle,0.7882,monthly,monthly,deterministic_sample,2026-06-15
2021-03-01,GLB,sample_global_cycle,0.7342,monthly,monthly,deterministic_sample,2026-06-15
2021-04-01,GLB,sample_global_cycle,0.6751,monthly,monthly,deterministic_sample,2026-06-15
2021-05-01,GLB,sample_global_cycle,0.6114,monthly,monthly,deterministic_sample,2026-06-15
2021-06-01,GLB,sample_global_cycle,0.5434,monthly,monthly,deterministic_sample,2026-06-15
2021-07-01,GLB,sample_global_cycle,0.4716,monthly,monthly,deterministic_sample,2026-06-15
2021-08-01,GLB,sample_global_cycle,0.3966,monthly,monthly,deterministic_sample,2026-06-15
2021-09-01,GLB,sample_global_cycle,0.3188,monthly,monthly,deterministic_sample,2026-06-15
2021-10-01,GLB,sample_global_cycle,0.2388,monthly,monthly,deterministic_sample,2026-06-15
2021-11-01,GLB,sample_global_cycle,0.1572,monthly,monthly,deterministic_sample,2026-06-15
2021-12-01,GLB,sample_global_cycle,0.0744,monthly,monthly,deterministic_sample,2026-06-15
2022-01-01,GLB,sample_global_cycle,-0.0089,monthly,monthly,deterministic_sample,2026-06-15
2022-02-01,GLB,sample_global_cycle,-0.0921,monthly,monthly,deterministic_sample,2026-06-15
2022-03-01,GLB,sample_global_cycle,-0.1746,monthly,monthly,deterministic_sample,2026-06-15
2022-04-01,GLB,sample_global_cycle,-0.256,monthly,monthly,deterministic_sample,2026-06-15
2022-05-01,GLB,sample_global_cycle,-0.3355,monthly,monthly,deterministic_sample,2026-06-15
2022-06-01,GLB,sample_global_cycle,-0.4128,monthly,monthly,deterministic_sample,2026-06-15
2022-07-01,GLB,sample_global_cycle,-0.4872,monthly,monthly,deterministic_sample,2026-06-15
2022-08-01,GLB,sample_global_cycle,-0.5582,monthly,monthly,deterministic_sample,2026-06-15
2022-09-01,GLB,sample_global_cycle,-0.6253,monthly,monthly,deterministic_sample,2026-06-15
2022-10-01,GLB,sample_global_cycle,-0.6881,monthly,monthly,deterministic_sample,2026-06-15
2022-11-01,GLB,sample_global_cycle,-0.7461,monthly,monthly,deterministic_sample,2026-06-15
2022-12-01,GLB,sample_global_cycle,-0.7989,monthly,monthly,deterministic_sample,2026-06-15
2023-01-01,GLB,sample_global_cycle,-0.8462,monthly,monthly,deterministic_sample,2026-06-15
2023-02-01,GLB,sample_global_cycle,-0.8876,monthly,monthly,deterministic_sample,2026-06-15
2023-03-01,GLB,sample_global_cycle,-0.9229,monthly,monthly,deterministic_sample,2026-06-15
2023-04-01,GLB,sample_global_cycle,-0.9517,monthly,monthly,deterministic_sample,2026-06-15
2023-05-01,GLB,sample_global_cycle,-0.974,monthly,monthly,deterministic_sample,2026-06-15
2023-06-01,GLB,sample_global_cycle,-0.9895,monthly,monthly,deterministic_sample,2026-06-15
2023-07-01,GLB,sample_global_cycle,-0.9981,monthly,monthly,deterministic_sample,2026-06-15
2023-08-01,GLB,sample_global_cycle,-0.9998,monthly,monthly,deterministic_sample,2026-06-15
2023-09-01,GLB,sample_global_cycle,-0.9945,monthly,monthly,deterministic_sample,2026-06-15
2023-10-01,GLB,sample_global_cycle,-0.9824,monthly,monthly,deterministic_sample,2026-06-15
2023-11-01,GLB,sample_global_cycle,-0.9634,monthly,monthly,deterministic_sample,2026-06-15
2023-12-01,GLB,sample_global_cycle,-0.9377,monthly,monthly,deterministic_sample,2026-06-15
2024-01-01,GLB,sample_global_cycle,-0.9056,monthly,monthly,deterministic_sample,2026-06-15
2024-02-01,GLB,sample_global_cycle,-0.8671,monthly,monthly,deterministic_sample,2026-06-15
2024-03-01,GLB,sample_global_cycle,-0.8227,monthly,monthly,deterministic_sample,2026-06-15
2024-04-01,GLB,sample_global_cycle,-0.7725,monthly,monthly,deterministic_sample,2026-06-15
2024-05-01,GLB,sample_global_cycle,-0.7169,monthly,monthly,deterministic_sample,2026-06-15
2024-06-01,GLB,sample_global_cycle,-0.6564,monthly,monthly,deterministic_sample,2026-06-15
2024-07-01,GLB,sample_global_cycle,-0.5914,monthly,monthly,deterministic_sample,2026-06-15
2024-08-01,GLB,sample_global_cycle,-0.5222,monthly,monthly,deterministic_sample,2026-06-15
2024-09-01,GLB,sample_global_cycle,-0.4494,monthly,monthly,deterministic_sample,2026-06-15
2024-10-01,GLB,sample_global_cycle,-0.3735,monthly,monthly,deterministic_sample,2026-06-15
2024-11-01,GLB,sample_global_cycle,-0.295,monthly,monthly,deterministic_sample,2026-06-15
2024-12-01,GLB,sample_global_cycle,-0.2144,monthly,monthly,deterministic_sample,2026-06-15
